Model,FPR,TPR,AUC
Logistic Regression,0.0,0.0,0.992831494822853
Logistic Regression,4.186321195493724e-05,0.006240786240786241,0.992831494822853
Logistic Regression,9.41922268986088e-05,0.011744471744471744,0.992831494822853
Logistic Regression,0.0001390456682788987,0.020884520884520884,0.992831494822853
Logistic Regression,0.00021679163333806787,0.026437346437346437,0.992831494822853
Logistic Regression,0.0002691206482817394,0.030466830466830467,0.992831494822853
Logistic Regression,0.0004993683140338943,0.033022113022113025,0.992831494822853
Logistic Regression,0.0005636582466789765,0.04058968058968059,0.992831494822853
Logistic Regression,0.0006055214586339136,0.054987714987714986,0.992831494822853
Logistic Regression,0.0006473846705888509,0.06137592137592138,0.992831494822853
Logistic Regression,0.0006832674236930829,0.08727272727272728,0.992831494822853
Logistic Regression,0.0007161599473719621,0.10609336609336609,0.992831494822853
Logistic Regression,0.000761013388752252,0.12697788697788698,0.992831494822853
Logistic Regression,0.0007954010271438077,0.14206388206388207,0.992831494822853
Logistic Regression,0.0008492251568001555,0.1485995085995086,0.992831494822853
Logistic Regression,0.0008851079099043874,0.16496314496314496,0.992831494822853
Logistic Regression,0.0009269711218593247,0.17567567567567569,0.992831494822853
Logistic Regression,0.0009643489896762329,0.19425061425061424,0.992831494822853
Logistic Regression,0.0010017268574931413,0.26638820638820637,0.992831494822853
Logistic Regression,0.0010376096105973731,0.2907125307125307,0.992831494822853
Logistic Regression,0.001086948396115692,0.3052088452088452,0.992831494822853
Logistic Regression,0.0011392774110593636,0.31316953316953317,0.992831494822853
Logistic Regression,0.0011931015407157114,0.32,0.992831494822853
Logistic Regression,0.0012394500968086776,0.3256019656019656,0.992831494822853
Logistic Regression,0.0013037400294537598,0.33090909090909093,0.992831494822853
Logistic Regression,0.0013530788149720787,0.33592137592137594,0.992831494822853
Logistic Regression,0.001399427371065045,0.3434889434889435,0.992831494822853
Logistic Regression,0.0014427856977326586,0.35538083538083537,0.992831494822853
Logistic Regression,0.0014876391391129484,0.36737100737100736,0.992831494822853
Logistic Regression,0.0015324925804932384,0.37695331695331696,0.992831494822853
Logistic Regression,0.0015773460218735282,0.4022604422604423,0.992831494822853
Logistic Regression,0.0016192092338284654,0.4410810810810811,0.992831494822853
Logistic Regression,0.001671538248772137,0.4495823095823096,0.992831494822853
Logistic Regression,0.001711906346014398,0.45375921375921374,0.992831494822853
Logistic Regression,0.0017642353609580695,0.4603931203931204,0.992831494822853
Logistic Regression,0.0018599227025693547,0.46343980343980345,0.992831494822853
Logistic Regression,0.0019212224057890842,0.4673710073710074,0.992831494822853
Logistic Regression,0.0019780367648707846,0.47336609336609337,0.992831494822853
Logistic Regression,0.0020318608945271324,0.47714987714987717,0.992831494822853
Logistic Regression,0.0020946557124595384,0.4797051597051597,0.992831494822853
Logistic Regression,0.0021439944979778575,0.4838329238329238,0.992831494822853
Logistic Regression,0.0021948283982088524,0.4879115479115479,0.992831494822853
Logistic Regression,0.0022486525278652006,0.49125307125307127,0.992831494822853
Logistic Regression,0.0023084571163722537,0.494987714987715,0.992831494822853
Logistic Regression,0.0023577959018905724,0.49945945945945946,0.992831494822853
Logistic Regression,0.0024400272110877705,0.5018673218673219,0.992831494822853
Logistic Regression,0.002495346455456795,0.5056511056511056,0.992831494822853
Logistic Regression,0.0025476754704004665,0.508943488943489,0.992831494822853
Logistic Regression,0.002604489829482167,0.5120393120393121,0.992831494822853
Logistic Regression,0.002676255335690631,0.5146437346437347,0.992831494822853
Logistic Regression,0.002767457333163887,0.5177395577395577,0.992831494822853
Logistic Regression,0.002839222839372351,0.5205405405405406,0.992831494822853
Logistic Regression,0.0029065030014427855,0.5254054054054054,0.992831494822853
Logistic Regression,0.0029722880488005443,0.5295331695331695,0.992831494822853
Logistic Regression,0.0030291024078822446,0.5355282555282556,0.992831494822853
Logistic Regression,0.0030784411934005637,0.542997542997543,0.992831494822853
Logistic Regression,0.003147216470183675,0.5464864864864865,0.992831494822853
Logistic Regression,0.0032369233529442546,0.5485012285012285,0.992831494822853
Logistic Regression,0.0032967279414513077,0.5513513513513514,0.992831494822853
Logistic Regression,0.0033864348242118878,0.5537100737100737,0.992831494822853
Logistic Regression,0.0034985684276626124,0.5557739557739557,0.992831494822853
Logistic Regression,0.003615187375251366,0.5576412776412777,0.992831494822853
Logistic Regression,0.0036974186844485643,0.5595577395577396,0.992831494822853
Logistic Regression,0.003966539332730304,0.5616707616707617,0.992831494822853
Logistic Regression,0.004042790183076797,0.5644226044226044,0.992831494822853
Logistic Regression,0.004497305055730401,0.5661425061425062,0.992831494822853
Logistic Regression,0.004628875150445918,0.5694840294840294,0.992831494822853
Logistic Regression,0.004893510454589628,0.5726781326781327,0.992831494822853
Logistic Regression,0.005005644058040353,0.5755282555282555,0.992831494822853
Logistic Regression,0.005084885137812198,0.5778378378378378,0.992831494822853
Logistic Regression,0.005201504085400952,0.5801474201474202,0.992831494822853
Logistic Regression,0.00527177447689674,0.5826535626535626,0.992831494822853
Logistic Regression,0.005352510671381262,0.585012285012285,0.992831494822853
Logistic Regression,0.005446702898279871,0.5872727272727273,0.992831494822853
Logistic Regression,0.005527439092764392,0.5891400491400491,0.992831494822853
Logistic Regression,0.005633592237364412,0.5912039312039312,0.992831494822853
Logistic Regression,0.005736755152539078,0.5933169533169533,0.992831494822853
Logistic Regression,0.005826462035299658,0.595921375921376,0.992831494822853
Logistic Regression,0.005922149376910943,0.5979361179361179,0.992831494822853
Logistic Regression,0.006011856259671523,0.6001965601965602,0.992831494822853
Logistic Regression,0.006109038715995485,0.6026535626535626,0.992831494822853
Logistic Regression,0.006207716287032122,0.605061425061425,0.992831494822853
Logistic Regression,0.006286957366803968,0.6069287469287469,0.992831494822853
Logistic Regression,0.006378159364277224,0.6101719901719902,0.992831494822853
Logistic Regression,0.006451419985198365,0.6128255528255528,0.992831494822853
Logistic Regression,0.0065575731297983835,0.614987714987715,0.992831494822853
Logistic Regression,0.0066323288654322006,0.6182800982800983,0.992831494822853
Logistic Regression,0.0067384820100322195,0.6212776412776413,0.992831494822853
Logistic Regression,0.006790811024975891,0.6243243243243243,0.992831494822853
Logistic Regression,0.0069089250872773214,0.6285995085995086,0.992831494822853
Logistic Regression,0.006991156396474519,0.6314004914004914,0.992831494822853
Logistic Regression,0.007058436558544955,0.6337100737100737,0.992831494822853
Logistic Regression,0.007302140256711196,0.6355773955773956,0.992831494822853
Logistic Regression,0.00737390576291966,0.6376412776412776,0.992831494822853
Logistic Regression,0.007469593104530945,0.6398034398034398,0.992831494822853
Logistic Regression,0.007557804872578849,0.6424570024570024,0.992831494822853
Logistic Regression,0.007637045952350694,0.6446191646191646,0.992831494822853
Logistic Regression,0.0077611404735028295,0.6464864864864864,0.992831494822853
Logistic Regression,0.007850847356263409,0.6519410319410319,0.992831494822853
Logistic Regression,0.007967466303852163,0.6551842751842751,0.992831494822853
Logistic Regression,0.008052687842474714,0.6605405405405406,0.992831494822853
Logistic Regression,0.008215655346156434,0.6643243243243243,0.992831494822853
Logistic Regression,0.00830685734362969,0.6668304668304669,0.992831494822853
Logistic Regression,0.008377127735125478,0.6701228501228501,0.992831494822853
Logistic Regression,0.008439922553057883,0.6716461916461917,0.992831494822853
Logistic Regression,0.008490756453288879,0.6758722358722359,0.992831494822853
Logistic Regression,0.008578968221336782,0.6781818181818182,0.992831494822853
Logistic Regression,0.00866568487467201,0.6854545454545454,0.992831494822853
Logistic Regression,0.00875090641329456,0.6872235872235872,0.992831494822853
Logistic Regression,0.00884061329605514,0.6896805896805897,0.992831494822853
Logistic Regression,0.00895872735835657,0.6934152334152334,0.992831494822853
Logistic Regression,0.009094782797210117,0.6956265356265356,0.992831494822853
Logistic Regression,0.009154587385717169,0.6991646191646191,0.992831494822853
Logistic Regression,0.009218877318362252,0.7024078624078625,0.992831494822853
Logistic Regression,0.009310079315835508,0.7045700245700246,0.992831494822853
Logistic Regression,0.00939829108388341,0.7105159705159705,0.992831494822853
Logistic Regression,0.009467066360666522,0.7132186732186733,0.992831494822853
Logistic Regression,0.009573219505266541,0.7152334152334152,0.992831494822853
Logistic Regression,0.009691333567567972,0.7172481572481573,0.992831494822853
Logistic Regression,0.009958959101137034,0.7189680589680589,0.992831494822853
Logistic Regression,0.01007856827815114,0.7214250614250615,0.992831494822853
Logistic Regression,0.010186216537463837,0.7235872235872236,0.992831494822853
Logistic Regression,0.010320776861604706,0.725995085995086,0.992831494822853
Logistic Regression,0.01047477367701037,0.7290417690417691,0.992831494822853
Logistic Regression,0.01064521675425547,0.731056511056511,0.992831494822853
Logistic Regression,0.0107633308165569,0.7341523341523342,0.992831494822853
Logistic Regression,0.010863503502306214,0.737002457002457,0.992831494822853
Logistic Regression,0.010935269008514678,0.7397542997542997,0.992831494822853
Logistic Regression,0.011024975891275258,0.7416216216216216,0.992831494822853
Logistic Regression,0.01115056552714007,0.7433415233415234,0.992831494822853
Logistic Regression,0.0112686795894415,0.7778869778869779,0.992831494822853
Logistic Regression,0.011373337619328842,0.7800982800982801,0.992831494822853
Logistic Regression,0.01147201519036548,0.7819656019656019,0.992831494822853
Logistic Regression,0.011570692761402119,0.7844226044226045,0.992831494822853
Logistic Regression,0.01166338987358805,0.7876167076167077,0.992831494822853
Logistic Regression,0.011791969738878215,0.78997542997543,0.992831494822853
Logistic Regression,0.011872705933362737,0.7927764127764128,0.992831494822853
Logistic Regression,0.011956432357272612,0.7956756756756757,0.992831494822853
Logistic Regression,0.012004276028078254,0.808943488943489,0.992831494822853
Logistic Regression,0.012077536648999394,0.8186240786240786,0.992831494822853
Logistic Regression,0.012135846122793772,0.8227518427518428,0.992831494822853
Logistic Regression,0.01218518490831209,0.8258476658476659,0.992831494822853
Logistic Regression,0.012244989496819143,0.8288452088452088,0.992831494822853
Logistic Regression,0.012351142641419163,0.8314004914004914,0.992831494822853
Logistic Regression,0.01240496677107551,0.8344471744471744,0.992831494822853
Logistic Regression,0.012497663883261444,0.8363144963144963,0.992831494822853
Logistic Regression,0.012618768174988226,0.8385749385749386,0.992831494822853
Logistic Regression,0.01270697994303613,0.8411793611793612,0.992831494822853
Logistic Regression,0.01278771613752065,0.8436855036855037,0.992831494822853
Logistic Regression,0.012874432790855879,0.8455528255528255,0.992831494822853
Logistic Regression,0.012961149444191106,0.8490417690417691,0.992831494822853
Logistic Regression,0.013049361212239008,0.8530221130221131,0.992831494822853
Logistic Regression,0.013124116947872825,0.856019656019656,0.992831494822853
Logistic Regression,0.013215318945346081,0.8582800982800983,0.992831494822853
Logistic Regression,0.01330951117224469,0.8607371007371007,0.992831494822853
Logistic Regression,0.013369315760751744,0.8634398034398034,0.992831494822853
Logistic Regression,0.013473973790639087,0.8658968058968058,0.992831494822853
Logistic Regression,0.01358311716466446,0.8676658476658476,0.992831494822853
Logistic Regression,0.013728143291794063,0.8693857493857494,0.992831494822853
Logistic Regression,0.013841772009957464,0.8711056511056511,0.992831494822853
Logistic Regression,0.013958390957546217,0.8725307125307126,0.992831494822853
Logistic Regression,0.014199104426287107,0.8745945945945945,0.992831494822853
Logistic Regression,0.01427086993249557,0.8772972972972973,0.992831494822853
Logistic Regression,0.014535505236639282,0.879017199017199,0.992831494822853
Logistic Regression,0.01464614372537733,0.880933660933661,0.992831494822853
Logistic Regression,0.014807616114346374,0.8826535626535627,0.992831494822853
Logistic Regression,0.014943671553199919,0.8842751842751843,0.992831494822853
Logistic Regression,0.015064775844926702,0.8868304668304668,0.992831494822853
Logistic Regression,0.015187375251366162,0.8908599508599508,0.992831494822853
Logistic Regression,0.015429583834819726,0.892972972972973,0.992831494822853
Logistic Regression,0.015583580650225389,0.8946437346437346,0.992831494822853
Logistic Regression,0.015724121433216963,0.8962162162162162,0.992831494822853
Logistic Regression,0.01599025185207335,0.898034398034398,0.992831494822853
Logistic Regression,0.016118831717363516,0.8995085995085995,0.992831494822853
Logistic Regression,0.016443271610014278,0.9031449631449632,0.992831494822853
Logistic Regression,0.01654792963990162,0.9052579852579853,0.992831494822853
Logistic Regression,0.01668248996404249,0.9068304668304669,0.992831494822853
Logistic Regression,0.016820040517608714,0.9087469287469288,0.992831494822853
Logistic Regression,0.016948620382898877,0.9110565110565111,0.992831494822853
Logistic Regression,0.017026366347958045,0.9135135135135135,0.992831494822853
Logistic Regression,0.017190828966352444,0.9149385749385749,0.992831494822853
Logistic Regression,0.017353796470034162,0.9164127764127764,0.992831494822853
Logistic Regression,0.01754218092383138,0.917985257985258,0.992831494822853
Logistic Regression,0.017691692395099014,0.9213759213759214,0.992831494822853
Logistic Regression,0.01783671852222862,0.9231941031941032,0.992831494822853
Logistic Regression,0.017972773961082163,0.9247174447174448,0.992831494822853
Logistic Regression,0.018397386539482242,0.9263882063882064,0.992831494822853
Logistic Regression,0.018621653746383693,0.9278132678132678,0.992831494822853
Logistic Regression,0.01880106751190485,0.9291400491400491,0.992831494822853
Logistic Regression,0.019149429239958434,0.9305651105651106,0.992831494822853
Logistic Regression,0.01934678438203171,0.932039312039312,0.992831494822853
Logistic Regression,0.019484334935597935,0.9336609336609336,0.992831494822853
Logistic Regression,0.01972953374847685,0.9353316953316954,0.992831494822853
Logistic Regression,0.0198969865962966,0.936953316953317,0.992831494822853
Logistic Regression,0.020119758688485374,0.9386732186732186,0.992831494822853
Logistic Regression,0.020251328783200892,0.9403931203931204,0.992831494822853
Logistic Regression,0.020427752319296697,0.9425061425061425,0.992831494822853
Logistic Regression,0.020653514640910822,0.9438329238329238,0.992831494822853
Logistic Regression,0.021125970890116544,0.9451105651105651,0.992831494822853
Logistic Regression,0.021489283765296893,0.9464864864864865,0.992831494822853
Logistic Regression,0.021747938610589896,0.9481572481572481,0.992831494822853
Logistic Regression,0.022360935642787193,0.9493857493857494,0.992831494822853
Logistic Regression,0.022864789300959115,0.9508108108108108,0.992831494822853
Logistic Regression,0.023092046737285918,0.9523341523341523,0.992831494822853
Logistic Regression,0.02362580268971137,0.9538083538083538,0.992831494822853
Logistic Regression,0.024274682475012896,0.9551351351351351,0.992831494822853
Logistic Regression,0.024984861963534152,0.9566093366093366,0.992831494822853
Logistic Regression,0.025748865581711758,0.9638329238329238,0.992831494822853
Logistic Regression,0.026402230711151314,0.9650614250614251,0.992831494822853
Logistic Regression,0.026674341588858404,0.9665847665847666,0.992831494822853
Logistic Regression,0.02674610709506687,0.9694348894348894,0.992831494822853
Logistic Regression,0.027267902129790907,0.9708108108108108,0.992831494822853
Logistic Regression,0.027722417002444513,0.9721867321867322,0.992831494822853
Logistic Regression,0.028254677840157286,0.9734643734643734,0.992831494822853
Logistic Regression,0.02929228745075466,0.9746928746928747,0.992831494822853
Logistic Regression,0.03323340983336946,0.976019656019656,0.992831494822853
Logistic Regression,0.03430690219707107,0.9775921375921376,0.992831494822853
Logistic Regression,0.03532058997226562,0.9789189189189189,0.992831494822853
Logistic Regression,0.035945547922164325,0.9801474201474202,0.992831494822853
Logistic Regression,0.03694577966494479,0.9813759213759213,0.992831494822853
Logistic Regression,0.03895222360935643,0.9826044226044226,0.992831494822853
Logistic Regression,0.04076878798525817,0.9838820638820639,0.992831494822853
Logistic Regression,0.042693000620472606,0.9851105651105652,0.992831494822853
Logistic Regression,0.04504182583408712,0.9864864864864865,0.992831494822853
Logistic Regression,0.04701537725481988,0.9879115479115479,0.992831494822853
Logistic Regression,0.049317853912341426,0.9891400491400492,0.992831494822853
Logistic Regression,0.0509744410139868,0.9904176904176905,0.992831494822853
Logistic Regression,0.054532814030156467,0.9916461916461916,0.992831494822853
Logistic Regression,0.05967002818291233,0.9929238329238329,0.992831494822853
Logistic Regression,0.06998332947095366,0.995036855036855,0.992831494822853
Logistic Regression,0.07391249093586705,0.9962653562653563,0.992831494822853
Logistic Regression,0.07954907340265682,0.9974938574938574,0.992831494822853
Logistic Regression,0.08892344265113741,0.9987223587223587,0.992831494822853
Logistic Regression,0.12088151963459397,0.9997051597051597,0.992831494822853
Logistic Regression,0.22135322832644336,0.9998034398034398,0.992831494822853
Logistic Regression,0.3306819965761873,0.9998034398034398,0.992831494822853
Logistic Regression,0.7192473592536387,0.9998034398034398,0.992831494822853
Random Forest,0.0,0.0,0.9996587466056626
Random Forest,0.0,0.40206388206388205,0.9996587466056626
Random Forest,0.0,0.42609336609336607,0.9996587466056626
Random Forest,0.0,0.4404422604422604,0.9996587466056626
Random Forest,0.0,0.45336609336609335,0.9996587466056626
Random Forest,0.0,0.4705159705159705,0.9996587466056626
Random Forest,2.99022942535266e-06,0.4813759213759214,0.9996587466056626
Random Forest,2.99022942535266e-06,0.49233415233415234,0.9996587466056626
Random Forest,4.4853441380289904e-06,0.5046191646191647,0.9996587466056626
Random Forest,4.4853441380289904e-06,0.5164619164619164,0.9996587466056626
Random Forest,4.4853441380289904e-06,0.5351351351351351,0.9996587466056626
Random Forest,4.4853441380289904e-06,0.5474201474201474,0.9996587466056626
Random Forest,4.4853441380289904e-06,0.5590663390663391,0.9996587466056626
Random Forest,4.4853441380289904e-06,0.5713022113022113,0.9996587466056626
Random Forest,4.4853441380289904e-06,0.5841277641277641,0.9996587466056626
Random Forest,4.4853441380289904e-06,0.596019656019656,0.9996587466056626
Random Forest,1.3456032414086971e-05,0.6064373464373465,0.9996587466056626
Random Forest,3.289252367887926e-05,0.6184275184275184,0.9996587466056626
Random Forest,5.6814359081700547e-05,0.628992628992629,0.9996587466056626
Random Forest,7.47557356338165e-05,0.672972972972973,0.9996587466056626
Random Forest,8.073619448452182e-05,0.6839312039312039,0.9996587466056626
Random Forest,8.671665333522715e-05,0.7051105651105651,0.9996587466056626
Random Forest,9.120199747325613e-05,0.7167076167076167,0.9996587466056626
Random Forest,9.41922268986088e-05,0.7287469287469287,0.9996587466056626
Random Forest,9.718245632396145e-05,0.7461916461916462,0.9996587466056626
Random Forest,9.718245632396145e-05,0.7611793611793611,0.9996587466056626
Random Forest,9.867757103663779e-05,0.7724324324324324,0.9996587466056626
Random Forest,0.00010166780046199045,0.784078624078624,0.9996587466056626
Random Forest,0.0001046580298873431,0.8021130221130222,0.9996587466056626
Random Forest,0.0001046580298873431,0.813955773955774,0.9996587466056626
Random Forest,0.0001091433740253721,0.8331695331695331,0.9996587466056626
Random Forest,0.00011362871816340109,0.8489434889434889,0.9996587466056626
Random Forest,0.0001196091770141064,0.8618181818181818,0.9996587466056626
Random Forest,0.000149511471267633,0.8694840294840295,0.9996587466056626
Random Forest,0.00017044307724510164,0.8781818181818182,0.9996587466056626
Random Forest,0.00019137468322257025,0.8879115479115479,0.9996587466056626
Random Forest,0.00021081117448736253,0.8952825552825553,0.9996587466056626
Random Forest,0.0002287525510394785,0.9027518427518427,0.9996587466056626
Random Forest,0.00025416950115497613,0.9091400491400491,0.9996587466056626
Random Forest,0.0002825766806958264,0.9147911547911548,0.9996587466056626
Random Forest,0.000312478974949353,0.9199508599508599,0.9996587466056626
Random Forest,0.0003468666133409086,0.9276167076167077,0.9996587466056626
Random Forest,0.0003932151694338748,0.9314987714987715,0.9996587466056626
Random Forest,0.000466475790355015,0.9334643734643735,0.9996587466056626
Random Forest,0.0005905703115071504,0.9353316953316954,0.9996587466056626
Random Forest,0.0006862576531184355,0.937002457002457,0.9996587466056626
Random Forest,0.0008492251568001555,0.9388206388206388,0.9996587466056626
Random Forest,0.0009658441043889093,0.9401474201474201,0.9996587466056626
Random Forest,0.001178150393588948,0.942997542997543,0.9996587466056626
Random Forest,0.0012603817027861462,0.9449631449631449,0.9996587466056626
Random Forest,0.0013710201915241946,0.9466339066339067,0.9996587466056626
Random Forest,0.0014412905830199821,0.9494348894348894,0.9996587466056626
Random Forest,0.0015833264807242336,0.9524815724815725,0.9996587466056626
Random Forest,0.0016595773310707264,0.954987714987715,0.9996587466056626
Random Forest,0.0017328379519918665,0.9567567567567568,0.9996587466056626
Random Forest,0.0018240399494651228,0.9592628992628993,0.9996587466056626
Random Forest,0.0019182321763637315,0.9607371007371007,0.9996587466056626
Random Forest,0.001997473256135577,0.9633906633906634,0.9996587466056626
Random Forest,0.0020572778446426303,0.9656019656019657,0.9996587466056626
Random Forest,0.0021350238097017993,0.9677149877149878,0.9996587466056626
Random Forest,0.0021858577099327947,0.9704668304668305,0.9996587466056626
Random Forest,0.002312942460510283,0.9731695331695331,0.9996587466056626
Random Forest,0.002392183540282128,0.9746437346437347,0.9996587466056626
Random Forest,0.002519268290859616,0.9764127764127765,0.9996587466056626
Random Forest,0.0026284116648849884,0.9782309582309582,0.9996587466056626
Random Forest,0.002761476874313182,0.9798034398034398,0.9996587466056626
Random Forest,0.0028975323131667278,0.9812776412776413,0.9996587466056626
Random Forest,0.003102363028803385,0.9823095823095823,0.9996587466056626
Random Forest,0.0032937377120259553,0.9833906633906634,0.9996587466056626
Random Forest,0.003488102624673878,0.9844226044226044,0.9996587466056626
Random Forest,0.0038230083203133762,0.9852088452088452,0.9996587466056626
Random Forest,0.004105585001009202,0.9856019656019656,0.9996587466056626
Random Forest,0.004413578631820526,0.9864373464373465,0.9996587466056626
Random Forest,0.004657282329986768,0.9868304668304668,0.9996587466056626
Random Forest,0.004926402978268508,0.9871744471744471,0.9996587466056626
Random Forest,0.005195523626550247,0.9893857493857494,0.9996587466056626
Random Forest,0.005502022142648895,0.9898280098280098,0.9996587466056626
Random Forest,0.00590719822978418,0.99002457002457,0.9996587466056626
Random Forest,0.006150901927950422,0.990958230958231,0.9996587466056626
Random Forest,0.006506739229567389,0.9912039312039312,0.9996587466056626
Random Forest,0.006846130269344916,0.9914004914004914,0.9996587466056626
Random Forest,0.0072049578003872345,0.9917444717444718,0.9996587466056626
Random Forest,0.007517436775336588,0.9920884520884521,0.9996587466056626
Random Forest,0.007816459717871854,0.9923341523341523,0.9996587466056626
Random Forest,0.00814388983994797,0.9927764127764128,0.9996587466056626
Random Forest,0.009014046602725595,0.9931203931203931,0.9996587466056626
Random Forest,0.00939829108388341,0.9933660933660934,0.9996587466056626
Random Forest,0.009727216320672204,0.9937100737100737,0.9996587466056626
Random Forest,0.01007109270458776,0.994054054054054,0.9996587466056626
Random Forest,0.010407493514939933,0.9941523341523342,0.9996587466056626
Random Forest,0.010817154946213249,0.9943488943488944,0.9996587466056626
Random Forest,0.011071324447368225,0.9945454545454545,0.9996587466056626
Random Forest,0.011430151978410543,0.9947420147420147,0.9996587466056626
Random Forest,0.011750106526923277,0.994938574938575,0.9996587466056626
Random Forest,0.012043149010607839,0.9951842751842752,0.9996587466056626
Random Forest,0.012339181723717752,0.9952825552825553,0.9996587466056626
Random Forest,0.012702494598898101,0.9954299754299755,0.9996587466056626
Random Forest,0.013071787932929154,0.9954791154791155,0.9996587466056626
Random Forest,0.013897091254326489,0.9958230958230958,0.9996587466056626
Random Forest,0.014190133738011049,0.9964619164619165,0.9996587466056626
Random Forest,0.014554941727904074,0.9972972972972973,0.9996587466056626
Random Forest,0.0148943327676816,0.9972972972972973,0.9996587466056626
Random Forest,0.01537127436102535,0.9973464373464374,0.9996587466056626
Random Forest,0.015776450448160634,0.9974447174447174,0.9996587466056626
Random Forest,0.01619807279713536,0.9974447174447174,0.9996587466056626
Random Forest,0.016887320679679147,0.9974938574938574,0.9996587466056626
Random Forest,0.017356786699459517,0.9974938574938574,0.9996587466056626
Random Forest,0.01765730475670746,0.9975429975429976,0.9996587466056626
Random Forest,0.018062480843842744,0.9976412776412776,0.9996587466056626
Random Forest,0.01847064716040338,0.9979361179361179,0.9996587466056626
Random Forest,0.018880308591676696,0.9980343980343981,0.9996587466056626
Random Forest,0.019304921170076775,0.9980835380835381,0.9996587466056626
Random Forest,0.01961590503031345,0.9982309582309582,0.9996587466056626
Random Forest,0.019976227676068447,0.9983292383292384,0.9996587466056626
Random Forest,0.02041878163102064,0.9983783783783784,0.9996587466056626
Random Forest,0.02088376230666298,0.9984766584766585,0.9996587466056626
Random Forest,0.021242589837705297,0.9985257985257985,0.9996587466056626
Random Forest,0.021537127436102536,0.9985749385749386,0.9996587466056626
Random Forest,0.022000612997032196,0.9986732186732187,0.9996587466056626
Random Forest,0.022404293969454807,0.9986732186732187,0.9996587466056626
Random Forest,0.022843857694981647,0.9986732186732187,0.9996587466056626
Random Forest,0.023232587520277494,0.9987223587223587,0.9996587466056626
Random Forest,0.02357496878948037,0.9987223587223587,0.9996587466056626
Random Forest,0.023927815861671985,0.9987223587223587,0.9996587466056626
Random Forest,0.024279167819150925,0.9987223587223587,0.9996587466056626
Random Forest,0.025035695863765146,0.9987223587223587,0.9996587466056626
Random Forest,0.025989579050452644,0.9987223587223587,0.9996587466056626
Random Forest,0.026771524045182366,0.9987223587223587,0.9996587466056626
Random Forest,0.02710792485553454,0.9987223587223587,0.9996587466056626
Random Forest,0.027459276813013477,0.9987223587223587,0.9996587466056626
Random Forest,0.027818104344055797,0.9987223587223587,0.9996587466056626
Random Forest,0.02877946310430668,0.9987223587223587,0.9996587466056626
Random Forest,0.029253414468225075,0.9987223587223587,0.9996587466056626
Random Forest,0.03031046057008724,0.9987223587223587,0.9996587466056626
Random Forest,0.03108792022067893,0.9987223587223587,0.9996587466056626
Random Forest,0.031424321031031106,0.9987223587223587,0.9996587466056626
Random Forest,0.0319805037041467,0.9987223587223587,0.9996587466056626
Random Forest,0.03273254640462289,0.9987223587223587,0.9996587466056626
Random Forest,0.03307044232968775,0.9987223587223587,0.9996587466056626
Random Forest,0.03343076497544274,0.9987223587223587,0.9996587466056626
Random Forest,0.0340273157458006,0.9987223587223587,0.9996587466056626
Random Forest,0.03437717258856686,0.9987223587223587,0.9996587466056626
Random Forest,0.036639281148846146,0.9987223587223587,0.9996587466056626
Random Forest,0.037071369300809606,0.9987223587223587,0.9996587466056626
Random Forest,0.0383347412330211,0.9987223587223587,0.9996587466056626
Random Forest,0.03865768601095919,0.9987223587223587,0.9996587466056626
Random Forest,0.03892830177395361,0.9987714987714987,0.9996587466056626
Random Forest,0.03970127608040727,0.9988697788697789,0.9996587466056626
Random Forest,0.040134859347083406,0.9989189189189189,0.9996587466056626
Random Forest,0.040806165853075074,0.9989189189189189,0.9996587466056626
Random Forest,0.04128011721699348,0.9989189189189189,0.9996587466056626
Random Forest,0.04497903101615471,0.9989189189189189,0.9996587466056626
Random Forest,0.045536708803982986,0.9989189189189189,0.9996587466056626
Random Forest,0.04599122367663659,0.9989189189189189,0.9996587466056626
Random Forest,0.046424806943312726,0.9989189189189189,0.9996587466056626
Random Forest,0.0467866247037804,0.998968058968059,0.9996587466056626
Random Forest,0.047146947349535395,0.999017199017199,0.9996587466056626
Random Forest,0.04793786303254117,0.999017199017199,0.9996587466056626
Random Forest,0.0483086514812849,0.999017199017199,0.9996587466056626
Random Forest,0.04885287323669909,0.999017199017199,0.9996587466056626
Random Forest,0.049552586922231606,0.999017199017199,0.9996587466056626
Random Forest,0.04985908543833026,0.999017199017199,0.9996587466056626
Random Forest,0.05051394568248249,0.999017199017199,0.9996587466056626
Random Forest,0.050990887275826235,0.999066339066339,0.9996587466056626
Random Forest,0.051472314213308015,0.999066339066339,0.9996587466056626
Random Forest,0.05200906039515882,0.999066339066339,0.9996587466056626
Random Forest,0.0523828390733279,0.999066339066339,0.9996587466056626
Random Forest,0.05315730849449424,0.999066339066339,0.9996587466056626
Random Forest,0.05357145526990558,0.999066339066339,0.9996587466056626
Random Forest,0.053942243718649314,0.9991154791154792,0.9996587466056626
Random Forest,0.05430256636440431,0.9991154791154792,0.9996587466056626
Random Forest,0.05466886946901001,0.9992137592137592,0.9996587466056626
Random Forest,0.054967892411545274,0.9992137592137592,0.9996587466056626
Random Forest,0.05538801964580733,0.9992137592137592,0.9996587466056626
Random Forest,0.05567209144121583,0.9992137592137592,0.9996587466056626
Random Forest,0.061803556877901455,0.9992137592137592,0.9996587466056626
Random Forest,0.06210706516457475,0.9992137592137592,0.9996587466056626
Random Forest,0.06248831941630722,0.9992137592137592,0.9996587466056626
Random Forest,0.06285163229148756,0.9992628992628992,0.9996587466056626
Random Forest,0.0631970037901158,0.9992628992628992,0.9996587466056626
Random Forest,0.0636649746951835,0.9992628992628992,0.9996587466056626
Random Forest,0.06399988039082298,0.9993611793611794,0.9996587466056626
Random Forest,0.06447084152531603,0.9993611793611794,0.9996587466056626
Random Forest,0.06514513826073305,0.9993611793611794,0.9996587466056626
Random Forest,0.06539930776188803,0.9994103194103194,0.9996587466056626
Random Forest,0.06583438614327684,0.9994103194103194,0.9996587466056626
Random Forest,0.06643243202834738,0.9994103194103194,0.9996587466056626
Random Forest,0.06672846474145729,0.9994103194103194,0.9996587466056626
Random Forest,0.06711868968146581,0.9994103194103194,0.9996587466056626
Random Forest,0.06755376806285462,0.9994103194103194,0.9996587466056626
Random Forest,0.06793502231458709,0.9994103194103194,0.9996587466056626
Random Forest,0.0683760811548266,0.9994103194103194,0.9996587466056626
Random Forest,0.06900701956357602,0.9994103194103194,0.9996587466056626
Random Forest,0.06936435197990566,0.9994103194103194,0.9996587466056626
Random Forest,0.06999230015922972,0.9995085995085995,0.9996587466056626
Random Forest,0.07027338172521287,0.9995085995085995,0.9996587466056626
Random Forest,0.07090432013396228,0.9995085995085995,0.9996587466056626
Random Forest,0.07119287727350881,0.9996560196560197,0.9996587466056626
Random Forest,0.07178793292915399,0.9996560196560197,0.9996587466056626
Random Forest,0.07248316127054848,0.9996560196560197,0.9996587466056626
Random Forest,0.07289282270182179,0.9996560196560197,0.9996587466056626
Random Forest,0.07347741255447825,0.9997051597051597,0.9996587466056626
Random Forest,0.07398425644207551,0.9997051597051597,0.9996587466056626
Random Forest,0.0744088690204756,0.9997051597051597,0.9996587466056626
Random Forest,0.07500990513497148,0.9997051597051597,0.9996587466056626
Random Forest,0.07558103895521384,0.9997051597051597,0.9996587466056626
Random Forest,0.07607143658097168,0.9997051597051597,0.9996587466056626
Random Forest,0.07671284079270982,0.9997542997542997,0.9996587466056626
Random Forest,0.07708512435616623,0.9997542997542997,0.9996587466056626
Random Forest,0.07811824862262558,0.9997542997542997,0.9996587466056626
Random Forest,0.07840830087688477,0.9997542997542997,0.9996587466056626
Random Forest,0.07873423588424822,0.9997542997542997,0.9996587466056626
Random Forest,0.07902428813850743,0.9997542997542997,0.9996587466056626
Random Forest,0.07953412225553005,0.9997542997542997,0.9996587466056626
Random Forest,0.07977334060955826,0.9997542997542997,0.9996587466056626
Random Forest,0.08021589456451046,0.9998034398034398,0.9996587466056626
Random Forest,0.0805164126217584,0.9998034398034398,0.9996587466056626
Random Forest,0.08110548781855288,0.9998034398034398,0.9996587466056626
Random Forest,0.08162877796798959,0.9998034398034398,0.9996587466056626
Random Forest,0.08193079113995021,0.9998034398034398,0.9996587466056626
Random Forest,0.08245109105996158,0.9998034398034398,0.9996587466056626
Random Forest,0.08288467432663771,0.9998034398034398,0.9996587466056626
Random Forest,0.08484626482966906,0.9998034398034398,0.9996587466056626
Random Forest,0.08612608302371999,0.9998525798525798,0.9996587466056626
Random Forest,0.08648939589890034,0.9998525798525798,0.9996587466056626
Random Forest,0.08705604437500467,0.9999017199017199,0.9996587466056626
Random Forest,0.09078934581255747,0.9999017199017199,0.9996587466056626
Random Forest,0.09123488999693502,0.9999017199017199,0.9996587466056626
Random Forest,0.09153690316889564,0.9999017199017199,0.9996587466056626
Random Forest,0.09194357437074359,0.9999017199017199,0.9996587466056626
Random Forest,0.09227399472224507,0.9999017199017199,0.9996587466056626
Random Forest,0.09264179294156344,0.9999017199017199,0.9996587466056626
Random Forest,0.09300062047260577,0.9999017199017199,0.9996587466056626
Random Forest,0.09366893674917208,0.9999017199017199,0.9996587466056626
Random Forest,0.09395450365929325,0.9999017199017199,0.9996587466056626
Random Forest,0.09430137027263417,0.9999017199017199,0.9996587466056626
Random Forest,0.0948291457662089,0.9999017199017199,0.9996587466056626
Random Forest,0.09512517847931883,0.9999017199017199,0.9996587466056626
Random Forest,0.09549746204277523,0.9999017199017199,0.9996587466056626
Random Forest,0.09596991829198095,0.9999017199017199,0.9996587466056626
Random Forest,0.09629884352876975,0.9999017199017199,0.9996587466056626
Random Forest,0.09757268126396998,0.9999017199017199,0.9996587466056626
Random Forest,0.09783283122397567,0.9999017199017199,0.9996587466056626
Random Forest,0.09825594868766306,0.9999017199017199,0.9996587466056626
Random Forest,0.0988853919816998,0.9999017199017199,0.9996587466056626
Random Forest,0.09914404682699281,0.9999017199017199,0.9996587466056626
Random Forest,0.0995297864228633,0.9999017199017199,0.9996587466056626
Random Forest,0.09985721654493941,0.9999017199017199,0.9996587466056626
Random Forest,0.10031173141759302,0.99995085995086,0.9996587466056626
Random Forest,0.10085894340243255,0.99995085995086,0.9996587466056626
Random Forest,0.10111610313301288,0.99995085995086,0.9996587466056626
Random Forest,0.1014809111229059,0.99995085995086,0.9996587466056626
Random Forest,0.10179937055670596,0.99995085995086,0.9996587466056626
Random Forest,0.10215670297303561,0.99995085995086,0.9996587466056626
Random Forest,0.1033632605461654,0.99995085995086,0.9996587466056626
Random Forest,0.10408689606710075,0.99995085995086,0.9996587466056626
Random Forest,0.10447263566297124,0.99995085995086,0.9996587466056626
Random Forest,0.10502732322137416,0.99995085995086,0.9996587466056626
Random Forest,0.10549529412644185,0.99995085995086,0.9996587466056626
Random Forest,0.10583468516621938,0.99995085995086,0.9996587466056626
Random Forest,0.1064835649515209,0.99995085995086,0.9996587466056626
Random Forest,0.1068752850062421,0.99995085995086,0.9996587466056626
Random Forest,0.10764377396855773,0.99995085995086,0.9996587466056626
Random Forest,0.10800110638488739,0.99995085995086,0.9996587466056626
Random Forest,0.10873819793823682,0.99995085995086,0.9996587466056626
Random Forest,0.10944090185319469,0.99995085995086,0.9996587466056626
Random Forest,0.10995223108492999,0.99995085995086,0.9996587466056626
Random Forest,0.11048299680793008,0.99995085995086,0.9996587466056626
Random Forest,0.11228461003670506,0.99995085995086,0.9996587466056626
Random Forest,0.11396511897375326,0.99995085995086,0.9996587466056626
Random Forest,0.11445103125537306,0.99995085995086,0.9996587466056626
Random Forest,0.11544976788344086,0.99995085995086,0.9996587466056626
Random Forest,0.1161106085864438,0.99995085995086,0.9996587466056626
Random Forest,0.11778513706464129,0.99995085995086,0.9996587466056626
Random Forest,0.11839962921155125,0.99995085995086,0.9996587466056626
Random Forest,0.11935949285708947,0.99995085995086,0.9996587466056626
Random Forest,0.1197108448145684,0.99995085995086,0.9996587466056626
Random Forest,0.12046737285918262,0.99995085995086,0.9996587466056626
Random Forest,0.12099215812333201,0.99995085995086,0.9996587466056626
Random Forest,0.1213091224424194,1.0,0.9996587466056626
Random Forest,0.12229141280864775,1.0,0.9996587466056626
Random Forest,0.12265024033969006,1.0,0.9996587466056626
Random Forest,0.12303597993556055,1.0,0.9996587466056626
Random Forest,0.1235891723792508,1.0,0.9996587466056626
Random Forest,0.12413339413466498,1.0,0.9996587466056626
Random Forest,0.12459687969559465,1.0,0.9996587466056626
Random Forest,0.12532201033124266,1.0,0.9996587466056626
Random Forest,0.12583333956297796,1.0,0.9996587466056626
Random Forest,0.1262160889294231,1.0,0.9996587466056626
Random Forest,0.12679918366736687,1.0,0.9996587466056626
Random Forest,0.12880413249706585,1.0,0.9996587466056626
Random Forest,0.12963541627731387,1.0,0.9996587466056626
Random Forest,0.13003012656146043,1.0,0.9996587466056626
Random Forest,0.13084944942400706,1.0,0.9996587466056626
Random Forest,0.13179585703713118,1.0,0.9996587466056626
Random Forest,0.13234157390725804,1.0,0.9996587466056626
Random Forest,0.13356756797165262,1.0,0.9996587466056626
Random Forest,0.13396526848522453,1.0,0.9996587466056626
Random Forest,0.13422691355994287,1.0,0.9996587466056626
Random Forest,0.13455882902615704,1.0,0.9996587466056626
Random Forest,0.1349520441955909,1.0,0.9996587466056626
Random Forest,0.1352989108089318,1.0,0.9996587466056626
Random Forest,0.13565624322526146,1.0,0.9996587466056626
Random Forest,0.13757896074576323,1.0,0.9996587466056626
Random Forest,0.13785107162347032,1.0,0.9996587466056626
Random Forest,0.13919966509430437,1.0,0.9996587466056626
Random Forest,0.14022830401662567,1.0,0.9996587466056626
Random Forest,0.1406245094154849,1.0,0.9996587466056626
Random Forest,0.14151858801366535,1.0,0.9996587466056626
Random Forest,0.14210616809574714,1.0,0.9996587466056626
Random Forest,0.142702718866105,1.0,0.9996587466056626
Random Forest,0.14474504556362086,1.0,0.9996587466056626
Random Forest,0.14512480470064065,1.0,0.9996587466056626
Random Forest,0.14554343682019003,1.0,0.9996587466056626
Random Forest,0.14596057382502672,1.0,0.9996587466056626
Random Forest,0.1463537889944606,1.0,0.9996587466056626
Random Forest,0.1469667860266579,1.0,0.9996587466056626
Random Forest,0.14731963309884952,1.0,0.9996587466056626
Random Forest,0.14789824249265524,1.0,0.9996587466056626
Random Forest,0.14819128497633982,1.0,0.9996587466056626
Random Forest,0.14871457512577652,1.0,0.9996587466056626
Random Forest,0.14920646786624703,1.0,0.9996587466056626
Random Forest,0.14963407067407247,1.0,0.9996587466056626
Random Forest,0.15008110997316268,1.0,0.9996587466056626
Random Forest,0.15108134171594315,1.0,0.9996587466056626
Random Forest,0.15163901950377143,1.0,0.9996587466056626
Random Forest,0.1527005509497716,1.0,0.9996587466056626
Random Forest,0.15364396833347038,1.0,0.9996587466056626
Random Forest,0.15457392968475506,1.0,0.9996587466056626
Random Forest,0.155082268687065,1.0,0.9996587466056626
Random Forest,0.15571171198110176,1.0,0.9996587466056626
Random Forest,0.1567642727388259,1.0,0.9996587466056626
Random Forest,0.1589172379250798,1.0,0.9996587466056626
Random Forest,0.15962442718417572,1.0,0.9996587466056626
Random Forest,0.1600610006802772,1.0,0.9996587466056626
Random Forest,0.16070689023615337,1.0,0.9996587466056626
Random Forest,0.16145893293662955,1.0,0.9996587466056626
Random Forest,0.16241580635274241,1.0,0.9996587466056626
Random Forest,0.1633024093773595,1.0,0.9996587466056626
Random Forest,0.1637374877587483,1.0,0.9996587466056626
Random Forest,0.16998706725773535,1.0,0.9996587466056626
Random Forest,0.17740283623260994,1.0,0.9996587466056626
Random Forest,0.17783791461399875,1.0,0.9996587466056626
Random Forest,0.17838213636941294,1.0,0.9996587466056626
Random Forest,0.1824832360262841,1.0,0.9996587466056626
Random Forest,0.1858950878006115,1.0,0.9996587466056626
Random Forest,0.18694017298477225,1.0,0.9996587466056626
Random Forest,0.18887335630826274,1.0,0.9996587466056626
Random Forest,0.19030866643243202,1.0,0.9996587466056626
Random Forest,0.19073028878140674,1.0,0.9996587466056626
Random Forest,0.19267393790788598,1.0,0.9996587466056626
Random Forest,0.19775882304569817,1.0,0.9996587466056626
Random Forest,0.20911571440318757,1.0,0.9996587466056626
Random Forest,0.21151836374645844,1.0,0.9996587466056626
Random Forest,0.2124692567037206,1.0,0.9996587466056626
Random Forest,0.21621003371483677,1.0,0.9996587466056626
Random Forest,0.21721475080175526,1.0,0.9996587466056626
Random Forest,0.21840934745718366,1.0,0.9996587466056626
Random Forest,0.21968019496295854,1.0,0.9996587466056626
Random Forest,0.22029020176573047,1.0,0.9996587466056626
Random Forest,0.22141153780023773,1.0,0.9996587466056626
Random Forest,0.22643063789069218,1.0,0.9996587466056626
Random Forest,0.22710941997024722,1.0,0.9996587466056626
Random Forest,0.2276790586757769,1.0,0.9996587466056626
Random Forest,0.22874507546591513,1.0,0.9996587466056626
Random Forest,0.23167400518804807,1.0,0.9996587466056626
Random Forest,0.23248136713289327,1.0,0.9996587466056626
Random Forest,0.2336669931000456,1.0,0.9996587466056626
Random Forest,0.23428447547638093,1.0,0.9996587466056626
Random Forest,0.23467021507225141,1.0,0.9996587466056626
Random Forest,0.23512472994490502,1.0,0.9996587466056626
Random Forest,0.23610253496699535,1.0,0.9996587466056626
Random Forest,0.23677085124356168,1.0,0.9996587466056626
Random Forest,0.23731507299897583,1.0,0.9996587466056626
Random Forest,0.23813738609094784,1.0,0.9996587466056626
Random Forest,0.23898212590360995,1.0,0.9996587466056626
Random Forest,0.23988667030477914,1.0,0.9996587466056626
Random Forest,0.2410633255836554,1.0,0.9996587466056626
Random Forest,0.2423775314160979,1.0,0.9996587466056626
Random Forest,0.2431923689345065,1.0,0.9996587466056626
Random Forest,0.24668346178860573,1.0,0.9996587466056626
Random Forest,0.24844321180542578,1.0,0.9996587466056626
Random Forest,0.24975293229373025,1.0,0.9996587466056626
Random Forest,0.25352809694323797,1.0,0.9996587466056626
Random Forest,0.2556167721968468,1.0,0.9996587466056626
Random Forest,0.2559666290396131,1.0,0.9996587466056626
Random Forest,0.2563060200793906,1.0,0.9996587466056626
Random Forest,0.2577816983008021,1.0,0.9996587466056626
Random Forest,0.2632388670020707,1.0,0.9996587466056626
Random Forest,0.26371132325127644,1.0,0.9996587466056626
Random Forest,0.2642017208770343,1.0,0.9996587466056626
Random Forest,0.26552938274189086,1.0,0.9996587466056626
Random Forest,0.2661094872504093,1.0,0.9996587466056626
Random Forest,0.2665430705170854,1.0,0.9996587466056626
Random Forest,0.2687752767831112,1.0,0.9996587466056626
Random Forest,0.26997585389739026,1.0,0.9996587466056626
Random Forest,0.2774454470019212,1.0,0.9996587466056626
Random Forest,0.2803863376417556,1.0,0.9996587466056626
Random Forest,0.28073469936980916,1.0,0.9996587466056626
Random Forest,0.2812819113546487,1.0,0.9996587466056626
Random Forest,0.28167662163879525,1.0,0.9996587466056626
Random Forest,0.2871367805694892,1.0,0.9996587466056626
Random Forest,0.28759578078628084,1.0,0.9996587466056626
Random Forest,0.28802487870881893,1.0,0.9996587466056626
Random Forest,0.28913574894033744,1.0,0.9996587466056626
Random Forest,0.2903198797927771,1.0,0.9996587466056626
Random Forest,0.29109883455808144,1.0,0.9996587466056626
Random Forest,0.29451666679125954,1.0,0.9996587466056626
Random Forest,0.2983411702262856,1.0,0.9996587466056626
Random Forest,0.2993473824279168,1.0,0.9996587466056626
Random Forest,0.3011609565743932,1.0,0.9996587466056626
Random Forest,0.30163640305302425,1.0,0.9996587466056626
Random Forest,0.301956357601537,1.0,0.9996587466056626
Random Forest,0.30235106788568356,1.0,0.9996587466056626
Random Forest,0.30269195404017374,1.0,0.9996587466056626
Random Forest,0.3032406611397259,1.0,0.9996587466056626
Random Forest,0.30349931598501895,1.0,0.9996587466056626
Random Forest,0.30380132915697955,1.0,0.9996587466056626
Random Forest,0.30418108829399937,1.0,0.9996587466056626
Random Forest,0.3045877594958473,1.0,0.9996587466056626
Random Forest,0.3053547533434503,1.0,0.9996587466056626
Random Forest,0.30584963631334616,1.0,0.9996587466056626
Random Forest,0.3062413563680673,1.0,0.9996587466056626
Random Forest,0.3083270413922508,1.0,0.9996587466056626
Random Forest,0.31124849554082035,1.0,0.9996587466056626
Random Forest,0.3117373980518655,1.0,0.9996587466056626
Random Forest,0.3125671867174009,1.0,0.9996587466056626
Random Forest,0.31302020647534184,1.0,0.9996587466056626
Random Forest,0.31347920669213347,1.0,0.9996587466056626
Random Forest,0.3138544804850152,1.0,0.9996587466056626
Random Forest,0.31420583244249417,1.0,0.9996587466056626
Random Forest,0.3145048553850294,1.0,0.9996587466056626
Random Forest,0.3149055461280267,1.0,0.9996587466056626
Random Forest,0.31555143568390287,1.0,0.9996587466056626
Random Forest,0.3158340123645987,1.0,0.9996587466056626
Random Forest,0.31637075854644947,1.0,0.9996587466056626
Random Forest,0.3167819150924355,1.0,0.9996587466056626
Random Forest,0.3173605244862412,1.0,0.9996587466056626
Random Forest,0.3176984204113061,1.0,0.9996587466056626
Random Forest,0.3180198700745315,1.0,0.9996587466056626
Random Forest,0.31859698435362455,1.0,0.9996587466056626
Random Forest,0.31941780233088385,1.0,0.9996587466056626
Random Forest,0.319698883896867,1.0,0.9996587466056626
Random Forest,0.3200472456249206,1.0,0.9996587466056626
Random Forest,0.32054212859481646,1.0,0.9996587466056626
Random Forest,0.32095926559965315,1.0,0.9996587466056626
Random Forest,0.32150946781391804,1.0,0.9996587466056626
Random Forest,0.3222570251702562,1.0,0.9996587466056626
Random Forest,0.3248226420172088,1.0,0.9996587466056626
Random Forest,0.32674535953771056,1.0,0.9996587466056626
Random Forest,0.32717894280438664,1.0,0.9996587466056626
Random Forest,0.32777997891888255,1.0,0.9996587466056626
Random Forest,0.3280296630758995,1.0,0.9996587466056626
Random Forest,0.32852753627522074,1.0,0.9996587466056626
Random Forest,0.3291270772750039,1.0,0.9996587466056626
Random Forest,0.33016917222973935,1.0,0.9996587466056626
Random Forest,0.3311694039725198,1.0,0.9996587466056626
Random Forest,0.3316313944187368,1.0,0.9996587466056626
Random Forest,0.33203657050587204,1.0,0.9996587466056626
Random Forest,0.3324522123959961,1.0,0.9996587466056626
Random Forest,0.333002414610261,1.0,0.9996587466056626
Random Forest,0.3359373247912446,1.0,0.9996587466056626
Random Forest,0.33636941294320805,1.0,0.9996587466056626
Random Forest,0.3366639505416053,1.0,0.9996587466056626
Random Forest,0.3374653320275998,1.0,0.9996587466056626
Random Forest,0.33812168738646475,1.0,0.9996587466056626
Random Forest,0.3389499809372874,1.0,0.9996587466056626
Random Forest,0.34054078299157503,1.0,0.9996587466056626
Random Forest,0.3417817282030964,1.0,0.9996587466056626
Random Forest,0.3456705215707675,1.0,0.9996587466056626
Random Forest,0.3473345842459763,1.0,0.9996587466056626
Random Forest,0.3479520666223116,1.0,0.9996587466056626
Random Forest,0.34938139628763015,1.0,0.9996587466056626
Random Forest,0.34979255283361615,1.0,0.9996587466056626
Random Forest,0.35059393431961067,1.0,0.9996587466056626
Random Forest,0.3510933026336446,1.0,0.9996587466056626
Random Forest,0.35160014652124183,1.0,0.9996587466056626
Random Forest,0.35227444325665885,1.0,0.9996587466056626
Random Forest,0.3532133752962196,1.0,0.9996587466056626
Random Forest,0.3535692125978366,1.0,0.9996587466056626
Random Forest,0.3541627731387691,1.0,0.9996587466056626
Random Forest,0.3546875584029185,1.0,0.9996587466056626
Random Forest,0.3558851452877722,1.0,0.9996587466056626
Random Forest,0.356726894871009,1.0,0.9996587466056626
Random Forest,0.35701844223998086,1.0,0.9996587466056626
Random Forest,0.3576718073694204,1.0,0.9996587466056626
Random Forest,0.35804259581816417,1.0,0.9996587466056626
Random Forest,0.35853149832920933,1.0,0.9996587466056626
Random Forest,0.3590682445110601,1.0,0.9996587466056626
Random Forest,0.3598187920968236,1.0,0.9996587466056626
Random Forest,0.3618117800088212,1.0,0.9996587466056626
Random Forest,0.3622154609812438,1.0,0.9996587466056626
Random Forest,0.3625982103476889,1.0,0.9996587466056626
Random Forest,0.3630153473525256,1.0,0.9996587466056626
Random Forest,0.363951289162661,1.0,0.9996587466056626
Random Forest,0.3644431819031315,1.0,0.9996587466056626
Random Forest,0.3739894893435699,1.0,0.9996587466056626
Random Forest,0.3750181282658912,1.0,0.9996587466056626
Random Forest,0.3753590144203814,1.0,0.9996587466056626
Random Forest,0.3756999005748716,1.0,0.9996587466056626
Random Forest,0.37644895304592246,1.0,0.9996587466056626
Random Forest,0.3768496437889197,1.0,0.9996587466056626
Random Forest,0.37709932794593665,1.0,0.9996587466056626
Random Forest,0.37750300891835925,1.0,0.9996587466056626
Random Forest,0.3777975465167565,1.0,0.9996587466056626
Random Forest,0.37844642630205805,1.0,0.9996587466056626
Random Forest,0.3791999641172469,1.0,0.9996587466056626
Random Forest,0.3795258991246103,1.0,0.9996587466056626
Random Forest,0.38057098430877107,1.0,0.9996587466056626
Random Forest,0.3811331474407374,1.0,0.9996587466056626
Random Forest,0.38177604676718824,1.0,0.9996587466056626
Random Forest,0.38225448347524466,1.0,0.9996587466056626
Random Forest,0.3825863989414588,1.0,0.9996587466056626
Random Forest,0.38365241573159703,1.0,0.9996587466056626
Random Forest,0.38394844844470694,1.0,0.9996587466056626
Random Forest,0.3842833541403464,1.0,0.9996587466056626
Random Forest,0.38474833481598875,1.0,0.9996587466056626
Random Forest,0.3855108433194537,1.0,0.9996587466056626
Random Forest,0.38598778491279745,1.0,0.9996587466056626
Random Forest,0.3871749059946624,1.0,0.9996587466056626
Random Forest,0.3878207955505386,1.0,0.9996587466056626
Random Forest,0.389685203597246,1.0,0.9996587466056626
Random Forest,0.3923883709977648,1.0,0.9996587466056626
Random Forest,0.39334524441387764,1.0,0.9996587466056626
Random Forest,0.3955296070090978,1.0,0.9996587466056626
Random Forest,0.39591086126083025,1.0,0.9996587466056626
Random Forest,0.3975166144622446,1.0,0.9996587466056626
Random Forest,0.4044778685644656,1.0,0.9996587466056626
Random Forest,0.40518057247942346,1.0,0.9996587466056626
Random Forest,0.40563060200793905,1.0,0.9996587466056626
Random Forest,0.4068281888927928,1.0,0.9996587466056626
Random Forest,0.4089497566700805,1.0,0.9996587466056626
Random Forest,0.4094102520015848,1.0,0.9996587466056626
Random Forest,0.4097451576972243,1.0,0.9996587466056626
Random Forest,0.4100875389664272,1.0,0.9996587466056626
Random Forest,0.4111356143800133,1.0,0.9996587466056626
Random Forest,0.4117680479034754,1.0,0.9996587466056626
Random Forest,0.41264119489567835,1.0,0.9996587466056626
Random Forest,0.41364441686788417,1.0,0.9996587466056626
Random Forest,0.416250401812079,1.0,0.9996587466056626
Random Forest,0.41840187188362027,1.0,0.9996587466056626
Random Forest,0.4220125739147336,1.0,0.9996587466056626
Random Forest,0.43243352346208763,1.0,0.9996587466056626
Random Forest,0.4336101787409639,1.0,0.9996587466056626
Random Forest,0.43428298036166824,1.0,0.9996587466056626
Random Forest,0.43591863585733615,1.0,0.9996587466056626
Random Forest,0.4710807436700581,1.0,0.9996587466056626
Random Forest,0.5116671276603697,1.0,0.9996587466056626
Random Forest,0.515790654037931,1.0,0.9996587466056626
Random Forest,0.5175444235959004,1.0,0.9996587466056626
Random Forest,0.5179645508301625,1.0,0.9996587466056626
Random Forest,0.5189094633285739,1.0,0.9996587466056626
Random Forest,0.5192533397124894,1.0,0.9996587466056626
Random Forest,0.5197213106175571,1.0,0.9996587466056626
Random Forest,0.5202191838168784,1.0,0.9996587466056626
Random Forest,0.5209517900260897,1.0,0.9996587466056626
Random Forest,0.5214018195546053,1.0,0.9996587466056626
Random Forest,0.5222570251702562,1.0,0.9996587466056626
Random Forest,0.5247359253638736,1.0,0.9996587466056626
Random Forest,0.5255343166204427,1.0,0.9996587466056626
Random Forest,0.5259409878222907,1.0,0.9996587466056626
Random Forest,0.5265599653133387,1.0,0.9996587466056626
Random Forest,0.5276768160037079,1.0,0.9996587466056626
Random Forest,0.5319648049996636,1.0,0.9996587466056626
Random Forest,0.5326914307500243,1.0,0.9996587466056626
Random Forest,0.5331952844081962,1.0,0.9996587466056626
Random Forest,0.533727545245909,1.0,0.9996587466056626
Random Forest,0.5346649821707571,1.0,0.9996587466056626
Random Forest,0.5354334711330727,1.0,0.9996587466056626
Random Forest,0.5363425008783799,1.0,0.9996587466056626
Random Forest,0.5369136346986223,1.0,0.9996587466056626
Random Forest,0.5374204785862196,1.0,0.9996587466056626
Random Forest,0.5383878178053211,1.0,0.9996587466056626
Random Forest,0.5413616009688343,1.0,0.9996587466056626
Random Forest,0.5426922530631163,1.0,0.9996587466056626
Random Forest,0.544152980137401,1.0,0.9996587466056626
Random Forest,0.5451262998153533,1.0,0.9996587466056626
Random Forest,0.5456585606530661,1.0,0.9996587466056626
Random Forest,0.5467559748521705,1.0,0.9996587466056626
Random Forest,0.5553110212381045,1.0,0.9996587466056626
Random Forest,0.5606515709917843,1.0,0.9996587466056626
Random Forest,0.5628807870283847,1.0,0.9996587466056626
Random Forest,0.5640140839805934,1.0,0.9996587466056626
Random Forest,0.5648423775314161,1.0,0.9996587466056626
Random Forest,0.5655032182344191,1.0,0.9996587466056626
Random Forest,0.5659113845509797,1.0,0.9996587466056626
Random Forest,0.5678116753507912,1.0,0.9996587466056626
Random Forest,0.5684336430712646,1.0,0.9996587466056626
Random Forest,0.5706045496340707,1.0,0.9996587466056626
Random Forest,0.5710590645067243,1.0,0.9996587466056626
Random Forest,0.5716316934416793,1.0,0.9996587466056626
Random Forest,0.5724196188952597,1.0,0.9996587466056626
Random Forest,0.6642854473009442,1.0,0.9996587466056626
Random Forest,0.6646203529965836,1.0,0.9996587466056626
Random Forest,0.6657895327018966,1.0,0.9996587466056626
Random Forest,0.6675836703571082,1.0,0.9996587466056626
Random Forest,0.6682594622072379,1.0,0.9996587466056626
Random Forest,0.6705813753560242,1.0,0.9996587466056626
Random Forest,0.6720435975450216,1.0,0.9996587466056626
Random Forest,0.6798361354274907,1.0,0.9996587466056626
Random Forest,0.680199448302671,1.0,0.9996587466056626
Random Forest,0.6811667875217726,1.0,0.9996587466056626
Random Forest,0.6820444198581136,1.0,0.9996587466056626
Random Forest,0.6823210160799588,1.0,0.9996587466056626
Random Forest,0.6830132541919278,1.0,0.9996587466056626
Random Forest,0.683544019914928,1.0,0.9996587466056626
Random Forest,0.6840912318997675,1.0,0.9996587466056626
Random Forest,0.6844650105779366,1.0,0.9996587466056626
Random Forest,0.6858300503106101,1.0,0.9996587466056626
Random Forest,0.6899954399001264,1.0,0.9996587466056626
Random Forest,0.690675717094394,1.0,0.9996587466056626
Random Forest,0.6917222973932675,1.0,0.9996587466056626
Random Forest,0.6939395525121665,1.0,0.9996587466056626
Random Forest,0.6952866508682879,1.0,0.9996587466056626
Random Forest,0.6974231697927024,1.0,0.9996587466056626
Random Forest,0.701193849098072,1.0,0.9996587466056626
Random Forest,0.7099402701672286,1.0,0.9996587466056626
Random Forest,0.7104426287106879,1.0,0.9996587466056626
Random Forest,0.7113097952440401,1.0,0.9996587466056626
Random Forest,0.7194013560690444,1.0,0.9996587466056626
Random Forest,0.7218069956417407,1.0,0.9996587466056626
Random Forest,0.7534869812886393,1.0,0.9996587466056626
Random Forest,0.7549641546247636,1.0,0.9996587466056626
Random Forest,0.7644805597709484,1.0,0.9996587466056626
Random Forest,0.803654060357781,1.0,0.9996587466056626
Random Forest,0.8118966277687656,1.0,0.9996587466056626
Random Forest,0.9641606052224357,1.0,0.9996587466056626
Random Forest,0.9648184556960133,1.0,0.9996587466056626
Random Forest,0.9666843588574333,1.0,0.9996587466056626
Random Forest,0.9707525659906256,1.0,0.9996587466056626
Random Forest,0.980303358775202,1.0,0.9996587466056626
Random Forest,0.9899707705073671,1.0,0.9996587466056626
Random Forest,0.9982118428036391,1.0,0.9996587466056626
Random Forest,0.999011729174921,1.0,0.9996587466056626
GBT,0.0,0.0,0.9996056833314346
GBT,0.0,0.38972972972972975,0.9996056833314346
GBT,1.49511471267633e-06,0.6851597051597051,0.9996056833314346
GBT,7.47557356338165e-06,0.7557248157248158,0.9996056833314346
GBT,7.47557356338165e-06,0.8147911547911548,0.9996056833314346
GBT,1.196091770141064e-05,0.8594594594594595,0.9996056833314346
GBT,5.0833900230995224e-05,0.8878624078624079,0.9996056833314346
GBT,6.877527678311118e-05,0.89995085995086,0.9996056833314346
GBT,8.073619448452182e-05,0.913955773955774,0.9996056833314346
GBT,0.00013306520942819338,0.9286486486486486,0.9996056833314346
GBT,0.0003528470721916139,0.948992628992629,0.9996056833314346
GBT,0.00048292205219445465,0.9563144963144963,0.9996056833314346
GBT,0.0005741240496677108,0.9603439803439804,0.9996056833314346
GBT,0.0008267984361100105,0.9692383292383292,0.9996056833314346
GBT,0.0016431310692312869,0.9746437346437347,0.9996056833314346
GBT,0.0035598681308823417,0.9827027027027027,0.9996056833314346
GBT,0.004184826080781048,0.9844717444717445,0.9996056833314346
GBT,0.0047619403598741115,0.9921867321867321,0.9996056833314346
GBT,0.005497536798510866,0.9936609336609337,0.9996056833314346
GBT,0.006699609027502635,0.9953808353808353,0.9996056833314346
GBT,0.009468561475379198,0.9970515970515971,0.9996056833314346
GBT,0.01188018150692612,0.9978378378378379,0.9996056833314346
GBT,0.014324694062151918,0.9978869778869779,0.9996056833314346
GBT,0.021067661416322166,0.9981818181818182,0.9996056833314346
GBT,0.02356001764235361,0.9983783783783784,0.9996056833314346
GBT,0.029851460353295608,0.9992137592137592,0.9996056833314346
GBT,0.04924608840613296,0.9992628992628992,0.9996056833314346
GBT,0.06917297729668309,0.9995577395577395,0.9996056833314346
GBT,0.9988951102273322,0.9999017199017199,0.9996056833314346
Linear SVC,0.0,0.0,0.991820494654111
Linear SVC,5.3824129656347885e-05,0.009041769041769041,0.991820494654111
Linear SVC,9.41922268986088e-05,0.01597051597051597,0.991820494654111
Linear SVC,0.00014054078299157504,0.023046683046683048,0.991820494654111
Linear SVC,0.00019137468322257025,0.040343980343980346,0.991820494654111
Linear SVC,0.00025566461586765246,0.04368550368550368,0.991820494654111
Linear SVC,0.00031995454851273464,0.04786240786240786,0.991820494654111
Linear SVC,0.000457505102078957,0.05046683046683047,0.991820494654111
Linear SVC,0.0006100068027719426,0.055675675675675676,0.991820494654111
Linear SVC,0.0006653260471409668,0.05975429975429975,0.991820494654111
Linear SVC,0.0007101794885212568,0.07017199017199018,0.991820494654111
Linear SVC,0.0007669938476029573,0.08098280098280099,0.991820494654111
Linear SVC,0.000801381485994513,0.09552825552825553,0.991820494654111
Linear SVC,0.0008372642390987448,0.10466830466830467,0.991820494654111
Linear SVC,0.0008731469922029768,0.12378378378378378,0.991820494654111
Linear SVC,0.0009254760071466483,0.13375921375921376,0.991820494654111
Linear SVC,0.0009673392191015856,0.14265356265356266,0.991820494654111
Linear SVC,0.0010106975457691992,0.14923832923832925,0.991820494654111
Linear SVC,0.0010570461018621655,0.15606879606879606,0.991820494654111
Linear SVC,0.001113860460943866,0.16127764127764127,0.991820494654111
Linear SVC,0.0011661894758875375,0.16584766584766586,0.991820494654111
Linear SVC,0.0012125380319805037,0.16977886977886977,0.991820494654111
Linear SVC,0.0012738377352002333,0.17287469287469287,0.991820494654111
Linear SVC,0.0013261667501439048,0.17764127764127763,0.991820494654111
Linear SVC,0.0013799908798002526,0.18054054054054053,0.991820494654111
Linear SVC,0.0014412905830199821,0.18407862407862408,0.991820494654111
Linear SVC,0.0014936195979636537,0.1881081081081081,0.991820494654111
Linear SVC,0.0015474437276200017,0.19184275184275185,0.991820494654111
Linear SVC,0.0015922971690002915,0.19773955773955773,0.991820494654111
Linear SVC,0.0016476164133693157,0.20343980343980345,0.991820494654111
Linear SVC,0.001707421001876369,0.20771498771498773,0.991820494654111
Linear SVC,0.0018135741464763884,0.21056511056511057,0.991820494654111
Linear SVC,0.0018838445379721759,0.2134152334152334,0.991820494654111
Linear SVC,0.0019451442411919054,0.21665847665847665,0.991820494654111
Linear SVC,0.0020273755503891037,0.21955773955773955,0.991820494654111
Linear SVC,0.0020901703683215093,0.22304668304668304,0.991820494654111
Linear SVC,0.0021454896126905337,0.22506142506142507,0.991820494654111
Linear SVC,0.0021903430540708238,0.2294840294840295,0.991820494654111
Linear SVC,0.002232206266025761,0.23542997542997543,0.991820494654111
Linear SVC,0.0022755645926933743,0.24407862407862407,0.991820494654111
Linear SVC,0.002329388722349722,0.2815233415233415,0.991820494654111
Linear SVC,0.002377232393155365,0.3047174447174447,0.991820494654111
Linear SVC,0.0024205907198229784,0.3232432432432432,0.991820494654111
Linear SVC,0.0024654441612032684,0.3299262899262899,0.991820494654111
Linear SVC,0.0025237536349976453,0.334004914004914,0.991820494654111
Linear SVC,0.00259103379706808,0.33906633906633904,0.991820494654111
Linear SVC,0.00263588723844837,0.3452088452088452,0.991820494654111
Linear SVC,0.002677750450403307,0.35488943488943486,0.991820494654111
Linear SVC,0.002731574580059655,0.35985257985257985,0.991820494654111
Linear SVC,0.0027824084802906502,0.36624078624078626,0.991820494654111
Linear SVC,0.0028302521510962927,0.3712530712530713,0.991820494654111
Linear SVC,0.002879590936614612,0.37479115479115477,0.991820494654111
Linear SVC,0.0029289297221329305,0.3792137592137592,0.991820494654111
Linear SVC,0.0029902294253526603,0.3836855036855037,0.991820494654111
Linear SVC,0.0030530242432850662,0.3879115479115479,0.991820494654111
Linear SVC,0.003129275093631559,0.39090909090909093,0.991820494654111
Linear SVC,0.003202535714552699,0.3941031941031941,0.991820494654111
Linear SVC,0.003274301220761163,0.40034398034398033,0.991820494654111
Linear SVC,0.003329620465130187,0.4032923832923833,0.991820494654111
Linear SVC,0.0033983957419132984,0.40992628992628993,0.991820494654111
Linear SVC,0.0035987411134119265,0.41248157248157247,0.991820494654111
Linear SVC,0.003695923569735888,0.4143488943488943,0.991820494654111
Linear SVC,0.0037632037318063227,0.4173955773955774,0.991820494654111
Linear SVC,0.0038215132056006996,0.4196560196560197,0.991820494654111
Linear SVC,0.003918695661924662,0.4222113022113022,0.991820494654111
Linear SVC,0.004023353691812004,0.4245700245700246,0.991820494654111
Linear SVC,0.004129506836412024,0.4267813267813268,0.991820494654111
Linear SVC,0.004235659981012043,0.4286977886977887,0.991820494654111
Linear SVC,0.004358259387451502,0.43076167076167077,0.991820494654111
Linear SVC,0.004455441843775464,0.43346437346437344,0.991820494654111
Linear SVC,0.004573555906076894,0.4358722358722359,0.991820494654111
Linear SVC,0.004875569078037513,0.4388206388206388,0.991820494654111
Linear SVC,0.00499069291091359,0.4407862407862408,0.991820494654111
Linear SVC,0.005089370481950227,0.44304668304668304,0.991820494654111
Linear SVC,0.005167116447009397,0.4448157248157248,0.991820494654111
Linear SVC,0.005573787648857359,0.44633906633906634,0.991820494654111
Linear SVC,0.005635087352077088,0.45012285012285014,0.991820494654111
Linear SVC,0.005696387055296817,0.4527272727272727,0.991820494654111
Linear SVC,0.005759181873229224,0.4552825552825553,0.991820494654111
Linear SVC,0.005839918067713746,0.45744471744471743,0.991820494654111
Linear SVC,0.005910188459209533,0.45995085995085994,0.991820494654111
Linear SVC,0.005971488162429262,0.4638820638820639,0.991820494654111
Linear SVC,0.0060611950451898424,0.4663882063882064,0.991820494654111
Linear SVC,0.0061209996336968955,0.46864864864864864,0.991820494654111
Linear SVC,0.006198745598756065,0.47115479115479114,0.991820494654111
Linear SVC,0.006297423169792702,0.4730712530712531,0.991820494654111
Linear SVC,0.006360217987725108,0.47744471744471745,0.991820494654111
Linear SVC,0.006433478608646248,0.4800982800982801,0.991820494654111
Linear SVC,0.006518700147268799,0.4828009828009828,0.991820494654111
Linear SVC,0.006584485194626558,0.4862899262899263,0.991820494654111
Linear SVC,0.00664877512727164,0.48835380835380837,0.991820494654111
Linear SVC,0.00670558948635334,0.49238329238329237,0.991820494654111
Linear SVC,0.006822208433942094,0.4943980343980344,0.991820494654111
Linear SVC,0.006949293184519582,0.49808353808353806,0.991820494654111
Linear SVC,0.007068902361533689,0.49985257985257986,0.991820494654111
Linear SVC,0.0071376776383168,0.5023095823095823,0.991820494654111
Linear SVC,0.007206452915099911,0.5047174447174447,0.991820494654111
Linear SVC,0.007282703765446404,0.5368550368550369,0.991820494654111
Linear SVC,0.007352974156942191,0.5400982800982801,0.991820494654111
Linear SVC,0.007396332483609805,0.5457493857493857,0.991820494654111
Linear SVC,0.007439690810277419,0.562948402948403,0.991820494654111
Linear SVC,0.007484544251657709,0.5701719901719902,0.991820494654111
Linear SVC,0.0075353781518887036,0.576904176904177,0.991820494654111
Linear SVC,0.007610133887522521,0.5798034398034398,0.991820494654111
Linear SVC,0.007684889623156337,0.5825552825552825,0.991820494654111
Linear SVC,0.0077461893263760665,0.5861916461916462,0.991820494654111
Linear SVC,0.007823935291435236,0.5881572481572481,0.991820494654111
Linear SVC,0.00790766171534511,0.5904668304668305,0.991820494654111
Linear SVC,0.008034746465922598,0.5940540540540541,0.991820494654111
Linear SVC,0.008090065710291623,0.5971990171990172,0.991820494654111
Linear SVC,0.008160336101787409,0.60004914004914,0.991820494654111
Linear SVC,0.008221635805007139,0.6039312039312039,0.991820494654111
Linear SVC,0.008276955049376164,0.6091400491400492,0.991820494654111
Linear SVC,0.00836367170271139,0.6120393120393121,0.991820494654111
Linear SVC,0.008456368814897324,0.6148402948402948,0.991820494654111
Linear SVC,0.008532619665243817,0.617002457002457,0.991820494654111
Linear SVC,0.008602890056739603,0.6194594594594595,0.991820494654111
Linear SVC,0.00867316044823539,0.6227027027027027,0.991820494654111
Linear SVC,0.008737450380880474,0.6284520884520884,0.991820494654111
Linear SVC,0.00880323542823823,0.6314987714987715,0.991820494654111
Linear SVC,0.008863040016745285,0.634004914004914,0.991820494654111
Linear SVC,0.008921349490539661,0.6371498771498771,0.991820494654111
Linear SVC,0.008964707817207275,0.6405896805896806,0.991820494654111
Linear SVC,0.009037968438128416,0.6431941031941032,0.991820494654111
Linear SVC,0.00908880233835941,0.6457493857493858,0.991820494654111
Linear SVC,0.009151597156291817,0.6483046683046683,0.991820494654111
Linear SVC,0.009221867547787603,0.6512530712530713,0.991820494654111
Linear SVC,0.009275691677443952,0.653906633906634,0.991820494654111
Linear SVC,0.009353437642503121,0.6559705159705159,0.991820494654111
Linear SVC,0.009410252001584822,0.6615724815724816,0.991820494654111
Linear SVC,0.009465571245953847,0.6646683046683046,0.991820494654111
Linear SVC,0.009538831866874986,0.6675184275184275,0.991820494654111
Linear SVC,0.009604616914232745,0.6712530712530712,0.991820494654111
Linear SVC,0.009652460585038387,0.6812776412776412,0.991820494654111
Linear SVC,0.009704789599982059,0.6855036855036855,0.991820494654111
Linear SVC,0.009779545335615876,0.687960687960688,0.991820494654111
Linear SVC,0.009852805956537015,0.6901719901719902,0.991820494654111
Linear SVC,0.009946998183435625,0.6916953316953317,0.991820494654111
Linear SVC,0.010015773460218735,0.6983783783783784,0.991820494654111
Linear SVC,0.010087538966427199,0.7014250614250614,0.991820494654111
Linear SVC,0.010147343554934253,0.7061916461916462,0.991820494654111
Linear SVC,0.01020565302872863,0.7084520884520884,0.991820494654111
Linear SVC,0.010283398993787798,0.710958230958231,0.991820494654111
Linear SVC,0.01033572800873147,0.749041769041769,0.991820494654111
Linear SVC,0.010401513056089228,0.7518918918918919,0.991820494654111
Linear SVC,0.010468793218159663,0.7545945945945945,0.991820494654111
Linear SVC,0.010583917051035742,0.7562162162162163,0.991820494654111
Linear SVC,0.0107065164574752,0.7582309582309582,0.991820494654111
Linear SVC,0.010805194028511838,0.7601474201474201,0.991820494654111
Linear SVC,0.010977132220469615,0.7618673218673219,0.991820494654111
Linear SVC,0.011102721856334426,0.7634398034398034,0.991820494654111
Linear SVC,0.011201399427371065,0.765995085995086,0.991820494654111
Linear SVC,0.011326989063235877,0.7683046683046683,0.991820494654111
Linear SVC,0.01137034738990349,0.784078624078624,0.991820494654111
Linear SVC,0.011410715487145751,0.7909090909090909,0.991820494654111
Linear SVC,0.011467529846227452,0.794004914004914,0.991820494654111
Linear SVC,0.011510888172895065,0.798918918918919,0.991820494654111
Linear SVC,0.011605080399793674,0.8013759213759214,0.991820494654111
Linear SVC,0.011660399644162699,0.8053071253071253,0.991820494654111
Linear SVC,0.011741135838647221,0.8077149877149877,0.991820494654111
Linear SVC,0.011928025177731762,0.8093857493857494,0.991820494654111
Linear SVC,0.012007266257503608,0.8114987714987715,0.991820494654111
Linear SVC,0.012088002451988128,0.8139066339066339,0.991820494654111
Linear SVC,0.01216126307290927,0.8176904176904177,0.991820494654111
Linear SVC,0.012252465070382525,0.8200491400491401,0.991820494654111
Linear SVC,0.01231974523245296,0.8224570024570025,0.991820494654111
Linear SVC,0.01240496677107551,0.8245208845208846,0.991820494654111
Linear SVC,0.012472246933145945,0.8265847665847665,0.991820494654111
Linear SVC,0.012551488012917791,0.82997542997543,0.991820494654111
Linear SVC,0.012642690010391047,0.8324815724815725,0.991820494654111
Linear SVC,0.012714455516599511,0.836953316953317,0.991820494654111
Linear SVC,0.012786221022807975,0.8406388206388207,0.991820494654111
Linear SVC,0.012843035381889675,0.8449140049140049,0.991820494654111
Linear SVC,0.012937227608788284,0.8468796068796068,0.991820494654111
Linear SVC,0.013006002885571395,0.8499262899262899,0.991820494654111
Linear SVC,0.013082253735917888,0.8530221130221131,0.991820494654111
Linear SVC,0.013164485045115087,0.855921375921376,0.991820494654111
Linear SVC,0.013225784748334817,0.8587223587223587,0.991820494654111
Linear SVC,0.01329755025454328,0.8619164619164619,0.991820494654111
Linear SVC,0.013372305990177096,0.8642751842751842,0.991820494654111
Linear SVC,0.013441081266960208,0.8694348894348894,0.991820494654111
Linear SVC,0.013526302805582759,0.8733169533169534,0.991820494654111
Linear SVC,0.013572651361675724,0.8765601965601966,0.991820494654111
Linear SVC,0.013662358244436304,0.8789189189189189,0.991820494654111
Linear SVC,0.013738609094782797,0.881031941031941,0.991820494654111
Linear SVC,0.013828315977543377,0.8828501228501229,0.991820494654111
Linear SVC,0.013928488663292691,0.8855036855036855,0.991820494654111
Linear SVC,0.014010719972489889,0.8875675675675676,0.991820494654111
Linear SVC,0.014106407314101175,0.8892874692874693,0.991820494654111
Linear SVC,0.014196114196861754,0.8937100737100737,0.991820494654111
Linear SVC,0.014273860161920924,0.8956265356265356,0.991820494654111
Linear SVC,0.01443832278031532,0.8975429975429975,0.991820494654111
Linear SVC,0.01455643684261675,0.9002948402948403,0.991820494654111
Linear SVC,0.01467903624905621,0.9021621621621622,0.991820494654111
Linear SVC,0.014800140540782991,0.904078624078624,0.991820494654111
Linear SVC,0.014903303455957658,0.9058968058968059,0.991820494654111
Linear SVC,0.01510663905688164,0.9073710073710074,0.991820494654111
Linear SVC,0.015404166884704229,0.9092383292383293,0.991820494654111
Linear SVC,0.015620958518042297,0.9107616707616708,0.991820494654111
Linear SVC,0.015830274577816984,0.9120884520884521,0.991820494654111
Linear SVC,0.016075473390695903,0.9138083538083538,0.991820494654111
Linear SVC,0.01628030410633256,0.9154791154791154,0.991820494654111
Linear SVC,0.01642533023346216,0.9172481572481572,0.991820494654111
Linear SVC,0.016742294552549546,0.918968058968059,0.991820494654111
Linear SVC,0.016993473824279168,0.9204914004914005,0.991820494654111
Linear SVC,0.01711009277186792,0.9223587223587224,0.991820494654111
Linear SVC,0.01728950653738908,0.9244717444717445,0.991820494654111
Linear SVC,0.01750181282658912,0.9258476658476659,0.991820494654111
Linear SVC,0.0177305653776286,0.9273218673218673,0.991820494654111
Linear SVC,0.01795483258453005,0.9287469287469288,0.991820494654111
Linear SVC,0.018285252936031518,0.9301228501228501,0.991820494654111
Linear SVC,0.018537927322473818,0.9314987714987715,0.991820494654111
Linear SVC,0.018871337903400637,0.9328255528255528,0.991820494654111
Linear SVC,0.019129992748693644,0.9341031941031941,0.991820494654111
Linear SVC,0.01935874529973312,0.9354791154791154,0.991820494654111
Linear SVC,0.019581517391921894,0.937051597051597,0.991820494654111
Linear SVC,0.020049488296989586,0.9384275184275185,0.991820494654111
Linear SVC,0.020323094289409354,0.9398034398034398,0.991820494654111
Linear SVC,0.02053689569332207,0.9418181818181818,0.991820494654111
Linear SVC,0.020717804573555907,0.9433415233415233,0.991820494654111
Linear SVC,0.020934596206893974,0.9446683046683046,0.991820494654111
Linear SVC,0.021214182658164448,0.9462899262899263,0.991820494654111
Linear SVC,0.02152367140368845,0.9538083538083538,0.991820494654111
Linear SVC,0.021982671620480083,0.9551842751842752,0.991820494654111
Linear SVC,0.02240279885474213,0.9565601965601965,0.991820494654111
Linear SVC,0.022470079016812566,0.9590171990171991,0.991820494654111
Linear SVC,0.02263454163520696,0.9613267813267813,0.991820494654111
Linear SVC,0.0229036622834887,0.9628992628992629,0.991820494654111
Linear SVC,0.023072610246021127,0.9642751842751843,0.991820494654111
Linear SVC,0.023423962203500064,0.9657493857493857,0.991820494654111
Linear SVC,0.0238321285200607,0.967027027027027,0.991820494654111
Linear SVC,0.024295614080990364,0.9685012285012286,0.991820494654111
Linear SVC,0.024636500235480568,0.96997542997543,0.991820494654111
Linear SVC,0.02508353953457079,0.9713513513513513,0.991820494654111
Linear SVC,0.02574438023757373,0.9726781326781326,0.991820494654111
Linear SVC,0.02619889511022733,0.9740540540540541,0.991820494654111
Linear SVC,0.026912064828173942,0.9753316953316953,0.991820494654111
Linear SVC,0.027864452900148762,0.9766093366093366,0.991820494654111
Linear SVC,0.031880331018397386,0.9778869778869779,0.991820494654111
Linear SVC,0.03535796784008253,0.9791154791154791,0.991820494654111
Linear SVC,0.037669415185880135,0.9803931203931204,0.991820494654111
Linear SVC,0.04031427311260456,0.9816216216216216,0.991820494654111
Linear SVC,0.04149690885033154,0.9829484029484029,0.991820494654111
Linear SVC,0.042570401214033146,0.985012285012285,0.991820494654111
Linear SVC,0.04462020348511239,0.9862407862407863,0.991820494654111
Linear SVC,0.046684956903318406,0.9875184275184276,0.991820494654111
Linear SVC,0.0488140002541695,0.9887469287469287,0.991820494654111
Linear SVC,0.05146334352503196,0.99002457002457,0.991820494654111
Linear SVC,0.0563942318474385,0.9913022113022113,0.991820494654111
Linear SVC,0.06649522684627979,0.9925307125307126,0.991820494654111
Linear SVC,0.07204359754502164,0.9946437346437347,0.991820494654111
Linear SVC,0.07413974837219385,0.995921375921376,0.991820494654111
Linear SVC,0.07787454492445933,0.9971007371007371,0.991820494654111
Linear SVC,0.08841809387825281,0.9983292383292384,0.991820494654111
Linear SVC,0.10465503965791775,0.9994594594594595,0.991820494654111
Linear SVC,0.18093429718395143,0.9998034398034398,0.991820494654111
Linear SVC,0.29989459441275634,0.9998034398034398,0.991820494654111
Linear SVC,0.5412285357594061,0.9998034398034398,0.991820494654111
Linear SVC,0.9977887253399517,0.9998034398034398,0.991820494654111
